priority,entity_name,category,website,investor_platform_url,contact_role,contact_name,contact_email,contact_source_url,why_fit,est_size,checked_on,notes
1,5Paisa Capital Limited,broker,https://www.5paisa.com,https://login.5paisa.com,Compliance Officer,Mr. Ravindra Kalvankar,support@5paisa.com,https://www.5paisa.com/terms-and-conditions,Listed retail broker with a high-volume English trading login and app that will need accessibility remediation after audit findings.,large,2026-09-30,Official terms page publishes compliance contact; use role email only.
1,Aditya Birla Sun Life AMC Limited,AMC,https://mutualfund.adityabirlacapital.com,https://mutualfund.adityabirlacapital.com/login,Company Secretary and Compliance Officer / shareholder grievance,Mr. Prateek Savla,abslamc.cs@adityabirlacapital.com,https://mutualfund.adityabirlacapital.com/-/media/bsl/files/resources/contact-us/abslamc-contact-us.pdf,"Listed AMC with a large English mutual-fund website, transaction login and shareholder/grievance contact.",large,2026-09-30,Use published AMC contact PDF; fund investor service may route separately from shareholder grievance.
1,Angel One Limited,broker,https://www.angelone.in,https://trade.angelone.in,Compliance Officer,Bineet Jha,compliance@angelone.in,https://www.angelone.in/escalation-matrix,"Large listed broker with web and app trading journeys used by retail investors, making WCAG remediation commercially urgent.",large,2026-09-30,Escalation matrix gives compliance and customer-care contacts; avoid branch/franchise contacts.
1,Axis Asset Management Company Limited,AMC,https://www.axismf.com,https://transact.axismf.com/Online/Login,Compliance Officer,Mr. Darshan Kapadia,customerservice@axismf.com,https://www.amfiindia.com/member/53,Bank-backed AMC with English investor transaction flows and AMFI-published compliance/contact details.,large,2026-09-30,AMFI member page is the source for compliance officer and service email.
1,Axis Securities Limited,broker,https://www.axisdirect.in,https://simplehai.axisdirect.in,Compliance Officer,Mr. Rajiv Kejriwal,compliance.officer@axisdirect.in,https://www.axisdirect.in/disclaimer,Bank-backed broker with English trading and demat portals plus published grievance/compliance escalation.,large,2026-09-30,Axis pages show multiple historical names; current public disclaimer used for the row.
1,Central Depository Services (India) Limited,depository,https://www.cdslindia.com,https://web.cdslindia.com/myeasitoken/home/login,Company Secretary & Compliance Officer / Investor Grievance Contact,Shri Nilay Shah,shareholders@cdslindia.com,https://www.cdslindia.com/InvestorRels/ShareholderCorner.html,Listed depository with Easi/Easiest investor portals and depository grievance contact published.,large,2026-09-30,Shareholder corner gives named compliance and grievance contact.
1,Computer Age Management Services Limited,RTA,https://www.camsonline.com,https://www.camsonline.com/Investors/Statements/Consolidated-Account-Statement,Compliance Officer,S V Karthick Babu,unknown,https://www.camsonline.com/COL_Contactus.aspx,"Large listed RTA serving mutual-fund investors, with online statements and service requests exposed to retail users.",large,2026-09-30,Contact page names the compliance officer but the email is not exposed by the text fetch; leave email unknown.
1,Groww Invest Tech Private Limited,broker,https://groww.in,https://app.groww.in/login,Compliance Officer / Grievance Redressal Officer,Mr. Gaurav Seth,compliance@groww.in,https://resources.groww.in/web-assets/media-library/2026/4/investor-grievance-redressal-policy.pdf,"Digital-first broker with large app and web investor journeys, so remediation work is likely broad and product-led.",large,2026-09-30,Use the investor grievance redressal policy PDF rather than inferred email formats.
1,HDFC Asset Management Company Limited,AMC,https://www.hdfcfund.com,https://investor-web.hdfcfund.com,Chief Compliance Officer / investor service,Supriya Sapre,hello@hdfcfund.com,https://portal.amfiindia.com/spages/12252.pdf,Listed large AMC with an English online investment portal and scheme documents naming compliance and complaint contacts.,large,2026-09-30,AMFI-hosted SID used because it contains both CCO name and investor complaint email.
1,HDFC Securities Limited,broker,https://www.hdfcsec.com,https://m.hdfcsec.com,Compliance Officer,Mr. Murli V Karkera,complianceofficer@hdfcsec.com,https://developer.hdfcsec.com/,"Large bank-backed broker with online trading, eKYC and API properties exposed to retail investors.",large,2026-09-30,Developer portal footer repeats compliance officer details and is public.
1,HSBC Asset Management (India) Private Limited,AMC,https://www.assetmanagement.hsbc.co.in/en/mutual-funds,https://invest.assetmanagement.hsbc.co.in,Compliance Officer,Sumesh Kumar,compliance@mutualfunds.hsbc.co.in,https://www.assetmanagement.hsbc.co.in/en/mutual-funds/contact-us,Global AMC with public online mutual-fund service channels and an explicit compliance-officer escalation path.,large,2026-09-30,"Contact page separates investor line, IRO and compliance officer."
1,ICICI Prudential Asset Management Company Limited,AMC,https://www.icicipruamc.com,https://www.icicipruamc.com/login,Chief Compliance Officer & Company Secretary,Rakesh Shetty,Secretarial_India@icicipruamc.com,https://www.icicipruamc.com/blob/investor-relations/IR_Documents/Contact%20details%20of%20Key%20Managerial%20Personnel%20for%20determining%20materiality.pdf,Large AMC with online transaction journeys and public KMP/compliance contact details.,large,2026-09-30,Source is the company investor-relations KMP contact PDF.
1,ICICI Securities Limited,broker,https://www.icicidirect.com,https://secure.icicidirect.com/customer/login,Compliance Officer (Broking Operations),Mr. Atul Agrawal,complianceofficer@icicisecurities.com,https://www.icicidirect.com/disclaimer.pdf,"Large listed broker with ICICIdirect web trading, research and onboarding flows that are squarely investor-facing.",large,2026-09-30,PDF disclaimer lists broking compliance officer and role email.
1,KFin Technologies Limited,RTA,https://www.kfintech.com,https://mfs.kfintech.com,Compliance Officer,Mr. Anish Kumar,compliance.corp@kfintech.com,https://www.kfintech.com/contact-us/,Large listed RTA/registry provider with investor portals for mutual funds and issuer services.,large,2026-09-30,Contact page provides a specific KFin grievance route to compliance.
1,Kotak Mahindra Asset Management Company Limited,AMC,https://www.kotakmf.com,https://investor.kotakmf.com,Investor service / grievance desk,unknown,mutual@kotak.com,https://letsplan.kotakmf.com/category/ogpcZeTvwKbFXRr/i-am-preparing-to-retire,Large bank-backed AMC with online investor journeys and published customer/grievance contact.,large,2026-09-30,Page also references escalation to the compliance officer; generic mailbox used to avoid personal email.
1,Kotak Securities Limited,broker,https://www.kotaksecurities.com,https://ntrade.kotaksecurities.com,Compliance Officer,Mr. Hiren Thakkar,ks.compliance@kotak.com,https://kotaksecurities.com/ksweb/disclaimer,Large full-service broker with English trading platforms and a published grievance escalation ladder.,large,2026-09-30,Public disclaimer selected over older research PDFs with prior officer names.
1,Motilal Oswal Financial Services Limited,broker,https://www.motilaloswal.com,https://www.motilaloswal.com/login,Compliance Officer / grievance escalation,Neeraj Agarwal,grievances@motilaloswal.com,https://www.motilaloswal.com/disclaimer,"Listed securities intermediary with online trading and investor account journeys, plus published compliance escalation.",large,2026-09-30,Email is published by the company for compliance contact; use only for business outreach.
1,National Securities Depository Limited,depository,https://nsdl.co.in,https://eservices.nsdl.com,Company Secretary & Compliance Officer,Mr. Alen Ferns,CS-Depository@nsdl.com,https://nsdl.co.in/investor-relation/investor-contact.php,Depository with large investor e-services estate and named compliance contact published for investors.,large,2026-09-30,Investor-contact page is used; no personal phone details included.
1,Nippon Life India Asset Management Limited,AMC,https://www.nipponindiamf.com,https://investor.nipponindiamf.com,Grievance Redressal Officer,unknown,Grievanceredressal@nipponindiaamc.com,https://www.nipponindiamf.com/investor-service/customer-service/grievance-redressal-process,"Listed large AMC with investor login, app journeys and a dedicated grievance officer email.",large,2026-09-30,Leadership page names chief legal/compliance separately; grievance page gives the contact mailbox.
1,RKSV Securities India Private Limited,broker,https://upstox.com,https://login.upstox.com,Compliance Officer (BSE/NSE/DP),Mr. Amit Lalan,compliance@upstox.com,https://upstox.com/files/individual-demat-and-trading-account-opening-form.pdf,Digital-first Upstox broker has a high-traffic English investor platform and published compliance contact.,large,2026-09-30,Legal entity is RKSV Securities India Private Limited; brand is Upstox.
1,SBI Funds Management Limited,AMC,https://www.sbimf.com,https://online.sbimf.com,"Chief Compliance Officer, Company Secretary and Head Legal",Vinaya Datar,companysecretary@sbimf.com,https://www.sbimf.com/docs/default-source/sbi-funds/offer-documents/drhp-document.pdf,Large SBI-backed AMC with online investment portal and publicly filed compliance contact.,large,2026-09-30,IPO/offer document source is public and company-hosted.
1,SBICAP Securities Limited,broker,https://www.sbismart.com,https://www.sbismart.com/login,Compliance Officer,Mr. Dhirendra Rautela,compliancecorporate@sbicapsec.com,https://www.sbismart.com/regulations,"SBI-backed broker has trading, demat and research portals with a public regulatory-corner compliance contact.",large,2026-09-30,Regulatory corner also lists complaints@sbicapsec.com for first-line grievances.
1,Sharekhan Limited,broker,https://www.sharekhan.com,https://strade.sharekhan.com,Compliance Officer,Mr. Krunal Rahangadale,complianceofficer@sharekhan.com,https://www.sharekhan.com/footer/disclaimer.html,Large retail broker with Sharekhan and strade investor platforms and a visible compliance email.,large,2026-09-30,Official disclaimer chosen over older PDFs with historical compliance officers.
1,UTI Asset Management Company Limited,AMC,https://www.utimf.com,https://online.utimf.com,Company Secretary and Compliance Officer / grievance escalation,Mr. Arvind Patkar,service@uti.co.in,https://doc.utimf.com/uticontainer/BRSR%20FY%202021-2220220906-051839.pdf,Listed AMC with an online mutual-fund platform and grievance process that escalates to compliance.,large,2026-09-30,Service mailbox used for outreach; BRSR names the company secretary/compliance officer.
1,Zerodha Broking Limited,broker,https://zerodha.com,https://kite.zerodha.com,Compliance Officer,Pankathi H Jain,complaints@zerodha.com,https://kite.trade/terms/,"Largest discount-broking digital estate with Kite, Console and onboarding flows that must be accessible to investors.",large,2026-09-30,Kite Connect terms identify the compliance officer and grievance email; do not use personal founder emails.
2,Alankit Assignments Limited,RTA,https://www.alankit.com,https://rta.alankit.com,RTA service contact,unknown,rta@alankit.com,https://www.alankit.com/registrar-and-share-transfer-agent,SEBI-registered RTA with web-based registry services and a public investor enquiry mailbox.,mid,2026-09-30,No named compliance officer found on official page; use RTA mailbox only.
2,Bajaj Finserv Asset Management Limited,AMC,https://www.bajajamc.com,https://invest.bajajamc.com,"Head - Compliance, Legal & Secretarial",Mr. Harish Iyer,service@bajajamc.com,https://www.bajajamc.com/sites/default/files/2024-03/sai_bajaj_finserv_mutual_fund_1.pdf,Newer Bajaj AMC has an English investor portal and will need controls before audit/remediation deadlines.,mid,2026-09-30,SAI names the compliance head; service mailbox is published for investor help.
2,Bandhan AMC Limited,AMC,https://bandhanmutual.com,https://bandhanmutual.com/login,Customer Service / Grievance Redressal,unknown,investormf@bandhanamc.com,https://cmsuat.bandhanmutual.com/privacy-policy/,Mid-sized AMC with online investor servicing and published mutual-fund grievance mailbox.,mid,2026-09-30,Official privacy/grievance page provides the mutual-fund grievance email.
2,Baroda BNP Paribas Asset Management India Private Limited,AMC,https://www.barodabnpparibasmf.in,https://online.barodabnpparibasmf.in,Investor Relations Officer,Mr. Vivek Kudal,service@barodabnpparibasmf.in,https://www.barodabnpparibasmf.in/assets/download_documents/SID_Baroda_BNP_Paribas_Equity_Savings_Fund_97.pdf,Bank-backed AMC with online servicing and scheme documents that specify investor complaint resolution contacts.,mid,2026-09-30,SID is used for the investor-relations officer and complaint mailbox.
2,Bigshare Services Private Limited,RTA,https://www.bigshareonline.com,https://www.bigshareonline.com/InvestorLogin.aspx,Company Secretary and Compliance Officer / investor grievance,Lakshmi Priya K,investor@bigshareonline.com,https://www.bigshareonline.com/docs/callmoney/GARMENT/Notice%20for%20payment%20of%201st%20Call%20money.pdf,"RTA with investor-facing IPO, rights and service portals plus published grievance email in issuer documents.",mid,2026-09-30,Official Bigshare-hosted document used; verify spelling before sending because one source has a typo.
2,CAMEO Corporate Services Limited,RTA,https://cameoindia.com,https://wisdom.cameoindia.com,Investor Services / Compliance escalation,Mr. R.D. Ramasamy,investor@cameoindia.com,https://cambridge.cameoindia.com/main-site/assets/formats/Online%20Grievance%20Redressal%20and%20Service%20Managementt%20.pdf,RTA with WISDOM investor service portal and a public escalation matrix naming compliance.,mid,2026-09-30,Business email is published in the RTA grievance matrix.
2,CAMS Investor Services Private Limited,KYC agency,https://www.camskra.com,https://www.camskra.com/KYCInquiry.aspx,Compliance Officer,Mr. S V Karthick Babu,grievances@camskra.com,https://www.camskra.com/,CAMS KRA provides KYC status and update services to investors and intermediaries through public web flows.,mid,2026-09-30,Home page publishes KRA grievance mailbox and compliance officer name.
2,Canara Robeco Asset Management Company Limited,AMC,https://www.canararobeco.com,https://online.canararobeco.com,Chief Compliance Officer,Akshata Shenoy,crmf@canararobeco.com,https://www.canararobeco.com/about-us/,"Bank-backed AMC has a public investor site, online transacting and named compliance leadership.",mid,2026-09-30,About page names CCO; use published fund contact mailbox.
2,CDSL Ventures Limited,KYC agency,https://www.cvlkra.com,https://www.cvlkra.com/KYCInquiry.aspx,Compliance Officer,Mr. Mathew Varghese,grievance@cvlindia.com,https://www.cvlkra.com/ContactUs.aspx,KRA for securities-market KYC with public KYC enquiry and grievance escalation flows.,mid,2026-09-30,Contact page exposes an escalation matrix; email normalized from the published grievance address.
2,DSP Asset Managers Private Limited,AMC,https://www.dspim.com,https://invest.dspim.com,Compliance Officer,Mr. Pritesh Majmudar,Compliance.Officer@dspim.com,https://www.dspim.com/media/pages/mandatory-disclosures/9729b110a9-1768381423/information-regarding-grievance-redressal-mechanism.pdf,Digitally active AMC with online investing and a specific compliance-officer mailbox for grievances.,mid,2026-09-30,Grievance redressal PDF gives the officer and mailbox.
2,Edelweiss Asset Management Limited,AMC,https://www.edelweissmf.com,https://investor.edelweissmf.com,Grievance Officer,Mr. Abdulla Chaudhari,EMFHelp@edelweissmf.com,https://www.edelweissmf.com/terms-of-use,AMC has online investment journeys and a named website grievance officer for investor complaints.,mid,2026-09-30,Terms page names the grievance officer and investor help email.
2,Franklin Templeton Asset Management (India) Private Limited,AMC,https://www.franklintempletonindia.com,https://accounts.franklintempletonindia.com/nxGuest/,Compliance Officer / grievance escalation,unknown,complianceofficer@franklintempleton.com,https://www.franklintempletonindia.com/investor-services/ways-to-transact-with-us/grievance-redressal-feedback,Global AMC with Indian investor login and explicit compliance-officer escalation channel.,large,2026-09-30,"Name not published on the grievance page, so contact_name is unknown."
2,Integrated Registry Management Services Private Limited,RTA,https://www.integratedregistry.in,https://ipostatus.integratedregistry.in,Investor Services / Compliance escalation,Sriram S,einward@integratedindia.in,https://www.integratedregistry.in/investorcharter.aspx,RTA with IPO/status portals and public investor-charter escalation matrix.,mid,2026-09-30,Investor charter lists separate Chennai and Bengaluru compliance contacts; Chennai contact used.
2,Invesco Asset Management (India) Private Limited,AMC,https://www.invescomutualfund.com,https://www.invescomutualfund.com/invest-online,Head - Compliance,Mr. Suresh Jakhotiya,mfservices@invescoindia.com,https://www.amfiindia.com/member/42,Global AMC with online mutual-fund servicing and AMFI-published compliance/contact details.,mid,2026-09-30,AMFI member page used for compliance officer and service email.
2,LIC Mutual Fund Asset Management Limited,AMC,https://www.licmf.com,https://online.licmf.com,Investor Relations Officer,Ms. Srividya Baliga,redressal@licmf.com,https://www.licmf.com/contact-us,LIC-backed AMC has online investor services and a published grievance/relations officer route.,mid,2026-09-30,Contact page gives current IRO name and grievance mailbox.
2,Mahindra Manulife Investment Management Private Limited,AMC,https://www.mahindramanulife.com,https://www.mahindramanulife.com/Corporate/Login,"Head - Compliance & Legal, Company Secretary",Ravi Dayma,mfinvestors@mahindramanulife.com,https://www.mahindramanulife.com/uploads/download/8acb7659-0a29-4dcc-8964-f10e308e607a.pdf,Mid-sized AMC with online mutual-fund servicing and published compliance sign-off in scheme documents.,mid,2026-09-30,SID gives compliance head and investor mailbox.
2,Mirae Asset Investment Managers (India) Private Limited,AMC,https://www.miraeassetmf.co.in,https://transact.miraeassetmf.co.in/mnwclient/,Compliance Officer,Rimmi Jain,customercare@miraeasset.com,https://www.miraeassetmf.co.in/docs/default-source/sid/sid-mirae-asset-nifty-total-market-index-fund_04102024.pdf,Fast-growing AMC with direct online transaction portal and published compliance sign-off in scheme documents.,mid,2026-09-30,SID names compliance officer and complaint/customer email.
2,MUFG Intime India Private Limited,RTA,https://in.mpms.mufg.com,https://web.in.mpms.mufg.com,Compliance Officer,B N Ramakrishnan,comp.off@in.mpms.mufg.com,https://in.mpms.mufg.com/InvestorCharter.html,"Large RTA formerly Link Intime with investor-facing issue, rights and registry portals.",large,2026-09-30,"Investor charter lists grievance desk, customer-care escalation and compliance-officer mailbox."
2,NJ Asset Management Private Limited,AMC,https://www.njmutualfund.com,https://www.njmutualfund.com/invest-now,Chief Compliance Officer,Mrs. Punam Upadhyay,customercare@njmutualfund.com,https://www.njmutualfund.com/key-management.php,Digitally distributed AMC with online fund platform and public key-management/compliance details.,mid,2026-09-30,Key-management page names CCO; generic customer-care mailbox used.
2,NSDL Database Management Limited,KYC agency,https://kra.ndml.in,https://kra.ndml.in/kra-web/,KRA helpdesk / Grievance Officer,unknown,info.kra@ndml.in,https://kra.ndml.in/kra-web/KRALogin.jsp,KRA with public web login and KYC query/grievance handling for SEBI intermediaries.,mid,2026-09-30,KRA page gives grievance route but not a named officer.
2,PPFAS Asset Management Private Limited,AMC,https://amc.ppfas.com,https://selfinvest.ppfas.com,Chief Compliance Officer & Company Secretary,Priya Hariani,compliance_amc@ppfas.com,https://amc.ppfas.com/about-us/financials/amc/annual-report-of-ppfas-amc-2024-2025_SD.pdf?09072025_01082025=,Digitally native AMC with SelfInvest portal and public annual-report compliance contact.,mid,2026-09-30,Annual report names CCO and compliance mailbox.
2,Purva Sharegistry (India) Private Limited,RTA,https://www.purvashare.com,https://evoting.purvashare.com,Compliance Officer,Ms. Deepali Gaonkar,compliance@purvashare.com,https://www.purvashare.com/investor-corner/grievance-redressal,RTA with e-voting and investor-corner services plus a clear grievance escalation matrix.,small,2026-09-30,Public grievance page lists the compliance officer and compliance email.
2,Quant Money Managers Limited,AMC,https://quantmutual.com,https://quantmutual.com/login,Chief Compliance Officer and Company Secretary,Usha Lakshmi Raman,compliance.help@quant.in,https://quantmutual.com/about-us/contact-us,Digital-first AMC with investor login and a compliance escalation mailbox published in grievance process.,mid,2026-09-30,Leadership page names CCO; contact page provides compliance.help mailbox.
2,Tata Asset Management Private Limited,AMC,https://www.tatamutualfund.com,https://online.tatamutualfund.com/,Compliance Officer,Padmanabhan Ramanathan,service@tataamc.com,https://www.tatamutualfund.com/system/files/2025-11/Tata%20Liquid%20Fund-SID.pdf,Large group-backed AMC with online transaction portal and scheme documents naming compliance and complaint contacts.,large,2026-09-30,SID source contains service email and compliance officer sign-off.
2,Union Asset Management Company Private Limited,AMC,https://www.unionmf.com,https://www.unionmf.com/investorlogin/,Chief Compliance Officer,Ms. Richa Parasrampuria,investorcare@unionmf.com,https://www.unionmf.com/docs/default-source/funddetail-downloads/sid/union-consumption-fund.pdf?sfvrsn=d422d427_2,Bank-sponsored AMC with online transaction routes and public SID complaint contacts.,mid,2026-09-30,SID names CCO and investor-care email.
